customer,realtor,invested,at_maturity,start_date,maturity_date,status
SODIPO SAMSON OLAKUNLE,HAFBAM,50000000,62500000,2026-04-19,2026-07-19,active
FASHINA KHADIJAT ABIOSE,HAFBAM,100000000,125000000,2026-04-21,2026-07-21,active
MISS DAODU MODUPE OLUWABUNMI,MADAM ALICE,5000000,6092500,2026-04-22,2026-07-22,active
MISS ELABOR REJOICE EHIZOMO,DUNNI,1000000,1095000,2026-04-23,2026-07-23,active
FEHINTOLA JULIUS OLATOYE,MADAM ALICE,20000000,28000000,2026-04-24,2026-07-24,active
AGBONTALOR ELIZABETH ODEGUA,ZIKAN,17000000,24140000,2026-04-26,2026-07-26,active
MRS ATUNNISE ARINOLA,ARINOLA,20000000,24000000,2026-04-27,2026-07-27,active
MR IBRAHIM ADENIRAN,QUEEN,5400000,6629159,2026-01-20,2026-07-19,active
MISS PRECIOUS ADEGOKE,HAFBAM,10100000,12432913,2025-07-23,2026-07-23,active
MRS KUDIRAT OLUWOLE,ZIKAN,58900000,73544996,2026-03-29,2026-07-27,active
MRS AMARACHI OKAFOR,DUNNI,8200000,10086299,2026-05-01,2026-07-30,active
MR OLADIMEJI CHUKWU,HAFBAM GLOBAL LTD,10500000,14199680,2025-11-06,2026-08-03,active
DR HALIMA ADESANYA,HAFBAM,26000000,31552641,2026-02-08,2026-08-07,active
OLUMIDE ADEBAMBO,MADAM ALICE,33000000,44672988,2026-05-13,2026-08-11,active
DR IBRAHIM LAWAL,ARINOLA,74300000,87943647,2026-05-16,2026-08-14,active
MR EKENE ONYEKA,HAFBAM,60600000,79283927,2026-02-19,2026-08-18,active
OLUWASEUN OLUWOLE,QUEEN,3000000,4024505,2026-04-21,2026-08-19,active
YETUNDE OLUWOLE,HAFBAM,15000000,22264529,2026-04-23,2026-08-21,active
DR YETUNDE MADUEKE,HAFBAM,9500000,14301503,2026-04-25,2026-08-23,active
MR KELECHI OGUNDIPE,HAFBAM GLOBAL LTD,157632500,218581418,2026-02-27,2026-08-26,active
BLESSING UZOMA,ZIKAN,7000000,9934555,2026-04-30,2026-08-28,active
FOLASADE IBEKWE,PRING CITY REALTORS AND ESTATE LIMITED,1600000,2245167,2025-12-03,2026-08-30,active
MR EKENE OBIAGELI,QUEEN OLIJE REALTY,7800000,10044650,2026-05-04,2026-09-01,active
DR OLUMIDE OYELARAN,ZIKAN,60100000,72698701,2026-03-08,2026-09-04,active
MR OLADIMEJI UZOMA,MADAM ALICE,5500000,6943987,2026-05-09,2026-09-06,active
MRS HALIMA OGUNDIPE,QUEEN OLIJE REALTY,24300000,36386330,2026-06-10,2026-09-08,active
MR OBINNA BALOGUN,HAFBAM,10400000,14651155,2026-06-12,2026-09-10,active
DR SULEIMAN NWOSU,ZIKAN,3000000,4167351,2025-12-17,2026-09-13,active
DR CHINEDU OKORIE,ARINOLA,2800000,3953467,2025-12-19,2026-09-15,active
MISS MARYAM LAWAL,HAFBAM,11000000,14178238,2026-06-19,2026-09-17,active
DR MARYAM BALOGUN,ARINOLA,2700000,3808890,2025-12-22,2026-09-18,active
AHMED OGUNDIPE,QUEEN OLIJE REALTY,3400000,5280972,2026-06-23,2026-09-21,active
DR IBRAHIM ABUBAKAR,HAFBAM,5100000,7485190,2025-09-24,2026-09-24,active
MR ADEWALE ADESANYA,ZIKAN,31200000,46065126,2026-05-31,2026-09-28,active
MR ADEBAYO EMEKWUE,HAFBAM,5900000,8641421,2026-04-04,2026-10-01,active
TEMITOPE FAGBEMI,QUEEN,27400000,34902832,2026-04-07,2026-10-04,active
DR CHUKWUEMEKA IBEKWE,QUEEN OLIJE REALTY,34502500,48457980,2026-06-09,2026-10-07,active
MR UCHENNA CHUKWU,HAFBAM,21600000,32154542,2025-10-11,2026-10-11,active
OLUMIDE OLUWOLE,QUEEN OLIJE REALTY,6200000,7787943,2025-10-14,2026-10-14,active
MRS MARYAM EZEUGWU,BANIRE ADETOUN ELIZABETH,4000000,5679173,2025-10-17,2026-10-17,active
MRS MOTUNRAYO ABUBAKAR,HAFBAM,61200000,73167960,2026-07-20,2026-10-18,active
MR GBENGA BELLO,BANIRE ADETOUN ELIZABETH,20700000,27487193,2025-10-21,2026-10-21,active
MISS FOLASADE EMEKWUE,HAFBAM,9200000,13533766,2026-06-26,2026-10-24,active
MRS UCHECHI SHOYEBO,QUEEN OLIJE REALTY,17300000,22526125,2026-06-29,2026-10-27,active
MISS BUKOLA OKAFOR,ZIKAN,29400000,36748244,2026-07-02,2026-10-30,active
MRS NGOZI SHOYEBO,SOPHIA,5600000,8109100,2025-11-02,2026-11-02,active
KUDIRAT BALOGUN,ARINOLA,2800000,4147374,2026-05-08,2026-11-04,active
DR OLAMIDE NWOSU,ARINOLA,15800000,23002259,2026-07-10,2026-11-07,active
MR SEGUN BALOGUN,MRS EROMOSELE EBERE JOY,6100000,8293570,2025-11-10,2026-11-10,active
MISS RUKAYAT AKINTOLA,ZIKAN,18200000,26939902,2026-05-17,2026-11-13,active
MRS TITILAYO OGUNLEYE,OLABISI TAIWO,6200000,8105761,2026-08-18,2026-11-16,active
UCHENNA OKAFOR,QUEEN OLIJE REALTY,23000000,34650147,2026-05-23,2026-11-19,active
OLAMIDE TIJANI,ZIKAN,13700000,20603561,2026-07-25,2026-11-22,active
MRS AISHA OLUWOLE,HAFBAM,50200000,61382721,2026-07-28,2026-11-25,active
DR OLUWASEUN OYELARAN,UNASSIGNED,4900000,6140940,2026-07-31,2026-11-28,active
MR UCHENNA OKONKWO,QUEEN OLIJE REALTY,66480000,118918516,2026-06-04,2026-12-01,active
DR BUKOLA ADEYEMI,QUEEN OLIJE REALTY,10600000,13172514,2025-12-03,2026-12-03,active
MR KELECHI AKINTOLA,QUEEN OLIJE REALTY,10500000,14613355,2026-08-08,2026-12-06,active
MISS CHIAMAKA FAGBEMI,ARINOLA,3900000,4834234,2026-06-12,2026-12-09,active
MISS RUKAYAT TIJANI,HAFBAM,13800000,17069556,2026-06-15,2026-12-12,active
SEGUN ELUEMUNOR,HAFBAM GLOBAL LTD,47500000,58499199,2026-08-17,2026-12-15,active
DR UCHECHI OKAFOR,HAFBAM,46000000,60359827,2026-03-23,2026-12-18,active
MISS BUKOLA ONYEKA,HAFBAM,19200000,23432362,2025-12-21,2026-12-21,active
MRS PRECIOUS SHOYEBO,ZIKAN,49700000,72374173,2026-03-29,2026-12-24,active
MISS TITILAYO MADUEKE,HAFBAM,44000000,55827405,2026-08-29,2026-12-27,active
ADEWALE OLANIYAN,QUEEN OLIJE REALTY,16400000,23764149,2026-09-01,2026-12-30,active
MISS MARYAM SANUSI,QUEEN OLIJE REALTY,45600000,62111311,2026-10-03,2027-01-01,active
IBRAHIM CHUKWU,MADAM ALICE,17700000,21471055,2026-04-09,2027-01-04,active
AISHA TIJANI,QUEEN,5800000,6899187,2026-07-11,2027-01-07,active
MRS FUNMILAYO IBEKWE,PRING CITY REALTORS AND ESTATE LIMITED,13200000,15707721,2026-10-12,2027-01-10,active
DR KELECHI NWOSU,ZIKAN,4500000,6103203,2026-04-18,2027-01-13,active
DR NKECHI OYELARAN,ARINOLA,7600000,10894365,2026-04-21,2027-01-16,active
KELECHI ILOABACHIE,HAFBAM GLOBAL LTD,21400000,27564247,2026-09-21,2027-01-19,active
DR YETUNDE ABUBAKAR,SOPHIA,2400000,3408636,2026-09-24,2027-01-22,active
DR CHIOMA BALOGUN,PRING CITY REALTORS AND ESTATE LIMITED,17900000,21653598,2026-04-30,2027-01-25,active
MR BABATUNDE ARIYIBI,HAFBAM,19900000,29240275,2026-05-03,2027-01-28,active
MR SAMUEL OKORIE,HAFBAM GLOBAL LTD,61400000,79170285,2026-10-02,2027-01-30,active
MISS PRECIOUS TIJANI,NAS,9700000,13023485,2026-10-05,2027-02-02,active
CHIOMA SALAMI,BANIRE ADETOUN ELIZABETH,32100000,39574262,2026-05-11,2027-02-05,active
MRS OLAMIDE NWACHUKWU,HAFBAM,900000,1337194,2026-02-08,2027-02-08,active
MR OKECHUKWU NWOSU,QUEEN OLIJE REALTY,34100000,43848608,2026-08-15,2027-02-11,active
MR OLUMIDE OKAFOR,EGO,800000,1035930,2026-11-16,2027-02-14,active
